seriesuid,ah01,ah02,ah03,ah04,ah05,ah06,ah07,ah08,ah09,ah10
1,0.21054459,0.189888,0.030239105,0.015613556,0.11717987,0.25658798,0.14584732,0.020999908,0.0059547424,0.007144928
