seriesuid,coordX,coordY,coordZ,probability
1,61.0,203.0,1005.5,0.99076796
1,55.0,187.0,955.5,0.8920971
