seriesuid,eh0,eh1,eh2,eh3,eh4,eh5,eh6,eh7,eh8,eh9
1,0.057419304,0.036676757,0.034820035,0.036038518,0.04061499,0.053028915,0.054640323,0.062257897,0.08462383,0.53987944
