seriesuid,coordX,coordY,coordZ,probability,malignancy,size
1,61.0,203.0,1005.5,0.99076796,0.26466703,12.46729
1,55.0,187.0,955.5,0.8920971,0.57758397,34.513615
