seriesuid,coordX,coordY,coordZ,probability,malignancy,size
1,75.75,87.75,951.625,0.9999798,0.14961852,3.925066
1,-34.25,159.625,1010.375,0.9999285,0.5908394,9.939271
1,58.875,202.75,1002.875,0.99968064,0.8804302,16.776213
1,76.375,162.125,1019.125,0.69688934,0.45521757,6.0080557
1,-53.0,95.875,938.5,0.6764742,0.44104528,4.512931
